id,host_id,host_since,host_location,host_response_time,host_response_rate,host_acceptance_rate,host_is_superhost,host_has_profile_pic,host_identity_verified,neighbourhood_cleansed,latitude,longitude,property_type,room_type,accommodates,bathrooms_text,beds,amenities,price,number_of_reviews,number_of_reviews_ltm,number_of_reviews_l30d,first_review,last_review,review_scores_rating,review_scores_accuracy,review_scores_cleanliness,review_scores_checkin,review_scores_communication,review_scores_location,review_scores_value,calculated_host_listings_count,calculated_host_listings_count_entire_homes,calculated_host_listings_count_private_rooms,calculated_host_listings_count_shared_rooms,reviews_per_month,Location
1710462,6645956,2013-05-29,"Shea-Oak Log, Australia",within an hour,100%,100%,f,t,t,Shea-Oak Log,-34.51049,138.81731,Entire cabin,Entire home/apt,2,1 bath,1.0,[],$111.00,548,38,1,2013-11-03,2023-12-12,4.76,4.83,4.71,4.97,4.95,4.6,4.83,1,1,0,0,4.44,barossa_valley_sa
1787389,9380091,2013-10-12,"Tanunda, Australia",within an hour,100%,100%,f,t,t,Tanunda,-34.52737,138.953,Entire rental unit,Entire home/apt,4,2 baths,2.0,[],$458.00,18,1,0,2016-01-05,2023-01-08,4.39,4.61,4.78,4.89,4.89,4.89,4.12,14,12,2,0,0.19,barossa_valley_sa
2028951,10421165,2013-12-04,"Lyndoch, Australia",within an hour,100%,100%,f,t,t,Lyndoch,-34.60392,138.88311,Entire vacation home,Entire home/apt,4,1 bath,2.0,[],$158.00,19,11,0,2022-04-10,2023-10-08,4.68,4.74,4.84,4.89,4.84,4.63,4.53,2,2,0,0,0.91,barossa_valley_sa
2327616,6713275,2013-06-03,"Gawler River, Australia",within an hour,100%,100%,t,t,t,Gawler River,-34.60549,138.64723,Entire guesthouse,Entire home/apt,3,1 bath,2.0,[],$97.00,173,34,1,2015-02-17,2023-12-04,4.73,4.78,4.63,4.92,4.91,4.83,4.76,1,1,0,0,1.6,barossa_valley_sa
6170279,32013001,2015-04-26,"Tanunda, Australia",within an hour,100%,100%,f,t,t,Tanunda,-34.50938,138.97314,Entire cottage,Entire home/apt,2,1 bath,1.0,[],$196.00,168,8,1,2015-06-10,2023-11-26,4.89,4.97,4.87,4.99,4.99,4.9,4.81,1,1,0,0,1.61,barossa_valley_sa
6170887,32017867,2015-04-26,"Nuriootpa, Australia",within a day,100%,50%,f,t,t,Nuriootpa,-34.47753,138.99632,Entire cottage,Entire home/apt,6,1 bath,4.0,[],$400.00,30,0,0,2015-05-31,2022-09-26,4.67,4.53,4.87,4.9,4.77,4.77,4.63,1,1,0,0,0.29,barossa_valley_sa
6296823,32743215,2015-05-06,"Tanunda, Australia",within an hour,100%,100%,t,t,t,Tanunda,-34.50398,138.96065,Entire cottage,Entire home/apt,4,1 bath,2.0,[],$319.00,89,6,0,2015-05-24,2023-10-02,4.91,4.95,4.95,4.92,4.92,4.92,4.83,2,2,0,0,0.85,barossa_valley_sa
6886387,36084981,2015-06-17,"Angaston, Australia",within an hour,100%,75%,f,t,t,Angaston,-34.49101,139.01777,Entire guesthouse,Entire home/apt,2,1 bath,1.0,[],$91.00,316,2,1,2015-06-24,2023-12-15,4.78,4.88,4.89,4.95,4.96,4.83,4.8,1,1,0,0,3.05,barossa_valley_sa
7297171,26147078,2015-01-15,"Angaston, Australia",within an hour,100%,100%,t,t,t,Angaston,-34.50003,139.03542,Private room in rental unit,Private room,2,1 shared bath,1.0,[],$95.00,149,0,0,2015-08-31,2019-04-28,4.82,4.9,4.86,4.86,4.92,4.93,4.83,2,1,1,0,1.47,barossa_valley_sa
9264671,17055114,2014-06-20,"Tanunda, Australia",within an hour,100%,100%,t,t,t,Tanunda,-34.52982,138.95272,Private room in guest suite,Private room,2,1 private bath,1.0,[],$146.00,29,2,1,2016-03-29,2023-12-12,4.62,4.76,4.97,4.89,5.0,4.79,4.64,4,3,1,0,0.31,barossa_valley_sa
9319789,17055114,2014-06-20,"Tanunda, Australia",within an hour,100%,100%,t,t,t,Tanunda,-34.52808,138.95335,Entire home,Entire home/apt,11,3 baths,5.0,[],$852.00,102,17,2,2016-04-25,2023-12-17,4.9,4.88,4.94,4.99,4.99,4.97,4.74,4,3,1,0,1.09,barossa_valley_sa
9319994,17055114,2014-06-20,"Tanunda, Australia",within an hour,100%,100%,t,t,t,Tanunda,-34.52751,138.95261,Entire home,Entire home/apt,6,3 baths,3.0,[],$489.00,69,10,0,2016-06-20,2023-09-25,4.88,4.88,4.96,4.94,4.97,4.97,4.71,4,3,1,0,0.75,barossa_valley_sa
9453124,17055114,2014-06-20,"Tanunda, Australia",within an hour,100%,100%,t,t,t,Tanunda,-34.52797,138.95259,Entire home,Entire home/apt,8,3 baths,4.0,[],$708.00,38,6,0,2016-01-02,2023-07-30,4.89,4.87,5.0,5.0,4.97,4.97,4.71,4,3,1,0,0.39,barossa_valley_sa
9714178,50149490,2015-11-29,"New South Wales, Australia",within an hour,100%,100%,f,t,t,Tanunda,-34.52206,138.96239,Entire home,Entire home/apt,6,2.5 baths,3.0,[],$515.00,89,26,1,2016-04-25,2023-12-18,5.0,4.99,5.0,5.0,5.0,4.99,4.93,1,1,0,0,0.95,barossa_valley_sa
10285222,9380091,2013-10-12,"Tanunda, Australia",within an hour,100%,100%,f,t,t,Tanunda,-34.52688,138.95464,Entire rental unit,Entire home/apt,2,1 bath,1.0,[],$261.00,10,0,0,2016-01-31,2020-03-18,4.3,4.4,4.6,4.6,4.7,4.9,4.1,14,12,2,0,0.1,barossa_valley_sa
10287444,9380091,2013-10-12,"Tanunda, Australia",within an hour,100%,100%,f,t,t,Tanunda,-34.52677,138.95225,Entire home,Entire home/apt,7,1 bath,5.0,[],$329.00,17,1,0,2016-02-28,2023-05-21,4.24,4.47,4.65,4.94,4.88,4.81,4.25,14,12,2,0,0.18,barossa_valley_sa
10619599,9380091,2013-10-12,"Tanunda, Australia",within an hour,100%,100%,f,t,t,Tanunda,-34.52726,138.95267,Entire rental unit,Entire home/apt,4,1 bath,2.0,[],$261.00,3,1,0,2018-07-26,2023-04-30,4.67,4.67,5.0,4.67,5.0,5.0,4.67,14,12,2,0,0.05,barossa_valley_sa
10634089,9380091,2013-10-12,"Tanunda, Australia",within an hour,100%,100%,f,t,t,Tanunda,-34.52816,138.95295,Private room in guest suite,Private room,4,1 private bath,1.0,[],$261.00,6,0,0,2016-02-14,2017-10-30,4.33,4.5,4.67,4.83,4.83,4.83,4.17,14,12,2,0,0.06,barossa_valley_sa
10947532,54950628,2016-01-17,"Rowland Flat, Australia",within an hour,100%,100%,t,t,t,Altona,-34.56985,138.92791,Entire guesthouse,Entire home/apt,2,1 bath,1.0,[],$200.00,347,28,2,2016-02-15,2023-12-05,4.98,4.97,4.99,4.99,4.99,4.96,4.93,1,1,0,0,3.62,barossa_valley_sa
10971607,48092850,2015-11-03,"Angaston, Australia",within an hour,100%,100%,t,t,t,Angaston,-34.50109,139.04697,Entire home,Entire home/apt,4,1.5 baths,2.0,[],$600.00,7,0,0,2016-05-04,2018-04-01,5.0,4.83,5.0,5.0,5.0,4.83,5.0,3,3,0,0,0.08,barossa_valley_sa
11428035,9380091,2013-10-12,"Tanunda, Australia",within an hour,100%,100%,f,t,t,Tanunda,-34.52491,138.95631,Entire home,Entire home/apt,6,2 baths,4.0,[],$354.00,41,1,0,2016-03-20,2023-11-12,4.63,4.71,4.9,4.8,4.83,4.9,4.39,14,12,2,0,0.43,barossa_valley_sa
11857399,48092850,2015-11-03,"Angaston, Australia",within an hour,100%,100%,t,t,t,Angaston,-34.49983,139.04583,Entire home,Entire home/apt,4,1.5 baths,2.0,[],$383.00,96,2,0,2016-08-27,2023-11-25,4.94,4.97,4.93,4.94,4.98,4.94,4.75,3,3,0,0,1.08,barossa_valley_sa
12191413,65531648,2016-04-02,"Kapunda, Australia",within an hour,100%,100%,f,t,t,Kapunda,-34.34006,138.91144,Entire home,Entire home/apt,6,1 bath,4.0,[],$239.00,12,1,0,2016-10-29,2023-01-02,4.58,4.75,4.42,4.83,4.92,4.75,4.33,3,3,0,0,0.14,barossa_valley_sa
12192423,65531648,2016-04-02,"Kapunda, Australia",within an hour,100%,100%,f,t,t,Kapunda,-34.34327,138.92162,Entire villa,Entire home/apt,6,1 bath,4.0,[],$269.00,103,10,0,2016-05-02,2023-11-03,4.76,4.83,4.57,4.94,4.83,4.71,4.59,3,3,0,0,1.11,barossa_valley_sa
12856765,48092850,2015-11-03,"Angaston, Australia",within an hour,100%,100%,t,t,t,Angaston,-34.50133,139.04966,Entire home,Entire home/apt,8,2.5 baths,4.0,[],$359.00,163,13,1,2016-05-31,2023-12-10,4.87,4.9,4.8,4.94,4.91,4.96,4.81,3,3,0,0,1.77,barossa_valley_sa
12906285,22786354,2014-10-21,"Angaston, Australia",within an hour,100%,96%,t,t,t,Angaston,-34.50746,139.04552,Entire home,Entire home/apt,4,1 bath,2.0,[],$165.00,189,18,3,2017-03-11,2023-12-19,4.95,4.97,4.98,4.99,4.99,4.88,4.84,1,1,0,0,2.28,barossa_valley_sa
14031240,2425103,2012-05-21,"Tanunda, Australia",within an hour,100%,100%,t,t,t,Bethany,-34.53852,138.96849,Room in bed and breakfast,Hotel room,2,1 private bath,1.0,[],$330.00,25,5,0,2016-10-07,2023-06-03,5.0,5.0,4.96,5.0,5.0,4.96,4.88,2,1,0,0,0.28,barossa_valley_sa
14080027,84633251,2016-07-19,"Adelaide, Australia",within a few hours,100%,91%,t,t,t,Sandy Creek,-34.58178,138.83414,Entire cottage,Entire home/apt,2,1.5 baths,1.0,[],$220.00,132,7,0,2017-04-24,2023-11-03,4.95,4.95,4.95,4.96,4.98,4.95,4.92,1,1,0,0,1.62,barossa_valley_sa
14697430,34978411,2015-06-04,"Glenelg, Australia",within an hour,100%,90%,t,t,t,Moculta,-34.46685,139.12019,Entire cottage,Entire home/apt,4,1 bath,2.0,[],$214.00,61,5,0,2018-09-29,2023-09-02,4.87,4.9,4.9,4.97,4.9,4.79,4.59,1,1,0,0,0.96,barossa_valley_sa
14827811,9380091,2013-10-12,"Tanunda, Australia",within an hour,100%,100%,f,t,t,Tanunda,-34.52865,138.95429,Entire rental unit,Entire home/apt,4,2 baths,2.0,[],$457.00,4,0,0,2019-01-01,2022-08-21,5.0,5.0,5.0,5.0,5.0,5.0,4.5,14,12,2,0,0.07,barossa_valley_sa
14828790,6402384,2013-05-15,"Angaston, Australia",within an hour,100%,100%,f,t,t,Angaston,-34.50042,139.04615,Entire rental unit,Entire home/apt,2,1 bath,2.0,[],$315.00,21,0,0,2016-09-17,2022-04-10,4.95,4.9,4.95,5.0,5.0,5.0,4.8,2,2,0,0,0.24,barossa_valley_sa
14843749,9380091,2013-10-12,"Tanunda, Australia",within an hour,100%,100%,f,t,t,Tanunda,-34.52682,138.95347,Entire rental unit,Entire home/apt,4,2 baths,2.0,[],$437.00,10,0,0,2016-11-13,2021-04-05,4.6,4.8,4.8,5.0,4.9,4.78,4.22,14,12,2,0,0.12,barossa_valley_sa
14844379,6402384,2013-05-15,"Angaston, Australia",within an hour,100%,100%,f,t,t,Angaston,-34.50009,139.0443,Entire rental unit,Entire home/apt,4,1 bath,2.0,[],$478.00,5,1,0,2016-12-06,2023-01-07,4.8,4.8,5.0,5.0,4.8,5.0,4.4,2,2,0,0,0.06,barossa_valley_sa
14969874,9380091,2013-10-12,"Tanunda, Australia",within an hour,100%,100%,f,t,t,Tanunda,-34.52801,138.9536,Entire home,Entire home/apt,16,4 baths,10.0,[],"$1,077.00",21,2,0,2017-02-25,2023-10-01,4.81,4.9,4.62,4.9,4.95,4.95,4.33,14,12,2,0,0.25,barossa_valley_sa
15579249,14870315,2014-04-29,"Sydney, Australia",within an hour,100%,96%,f,t,t,Lyndoch,-34.59793,138.87333,Entire home,Entire home/apt,6,2 baths,4.0,[],$271.00,128,18,0,2017-03-04,2023-10-31,4.88,4.91,4.87,4.89,4.89,4.78,4.76,1,1,0,0,1.54,barossa_valley_sa
16519738,108616729,2016-12-26,"Kapunda, Australia",within an hour,100%,98%,t,t,t,Kapunda,-34.33925,138.91111,Entire home,Entire home/apt,4,1 bath,2.0,[],$200.00,156,61,1,2017-01-30,2023-12-11,4.91,4.94,4.96,4.98,4.95,4.92,4.77,1,1,0,0,1.86,barossa_valley_sa
16795559,111640794,2017-01-15,"Gawler, Australia",within an hour,100%,100%,t,t,t,Sandy Creek,-34.56818,138.83216,Farm stay,Entire home/apt,2,1.5 baths,1.0,[],$153.00,337,38,1,2017-03-04,2023-12-17,4.94,4.93,4.93,4.99,4.97,4.9,4.91,1,1,0,0,4.06,barossa_valley_sa
17287788,76253619,2016-06-06,"Light Pass, Australia",within an hour,100%,100%,f,t,t,Light Pass,-34.4693,139.02488,Entire bed and breakfast,Entire home/apt,2,1 bath,1.0,[],$179.00,64,3,0,2017-03-04,2023-10-02,4.88,4.86,4.95,4.97,4.94,4.84,4.69,1,1,0,0,0.77,barossa_valley_sa
17720616,23229905,2014-11-01,"Marino, Australia",within an hour,100%,98%,f,t,t,Tanunda,-34.5215,138.96631,Entire cottage,Entire home/apt,5,1 bath,4.0,[],$235.00,234,36,3,2017-07-17,2023-12-13,4.77,4.84,4.7,4.95,4.98,4.92,4.75,1,1,0,0,2.98,barossa_valley_sa
17862552,10112369,2013-11-18,"Mount Barker, Australia",within an hour,100%,100%,t,t,t,Tanunda,-34.51031,138.97908,Entire home,Entire home/apt,10,2.5 baths,5.0,[],$259.00,165,34,1,2017-06-12,2023-12-10,4.9,4.94,4.92,4.96,4.97,4.92,4.8,1,1,0,0,2.07,barossa_valley_sa
17963507,12063415,2014-02-08,"Tanunda, Australia",within an hour,100%,100%,t,t,t,Tanunda,-34.52511,138.96518,Entire guesthouse,Entire home/apt,2,1 bath,1.0,[],$137.00,374,36,3,2017-04-08,2023-12-10,4.95,4.98,4.93,4.99,4.99,4.99,4.92,1,1,0,0,4.57,barossa_valley_sa
17980547,123514866,2017-03-30,"Pewsey Vale, Australia",within an hour,100%,98%,t,t,t,Mount Crawford,-34.65127498802909,138.97806003489265,Entire cottage,Entire home/apt,6,2 baths,4.0,[],$175.00,203,25,0,2017-04-23,2023-11-05,4.88,4.9,4.82,4.96,4.96,4.89,4.76,2,2,0,0,2.5,barossa_valley_sa
18276899,32743215,2015-05-06,"Tanunda, Australia",within an hour,100%,100%,t,t,t,Tanunda,-34.50656,138.96302,Entire villa,Entire home/apt,4,1 bath,2.0,[],$342.00,56,11,1,2017-06-11,2023-12-11,4.96,4.98,4.93,4.96,4.96,5.0,4.86,2,2,0,0,0.7,barossa_valley_sa
18845618,40553443,2015-08-05,"Tanunda, Australia",within a few hours,100%,98%,t,t,t,Tanunda,-34.52814,138.95832,Entire home,Entire home/apt,4,1 bath,2.0,[],$250.00,168,24,2,2017-06-12,2023-12-03,4.92,4.94,4.92,4.99,4.98,4.97,4.81,1,1,0,0,2.11,barossa_valley_sa
20002372,15326510,2014-05-10,"Flaxman Valley, Australia",within an hour,90%,100%,t,t,t,Flaxman Valley,-34.61,139.06722,Tent,Entire home/apt,2,1 bath,1.0,[],$350.00,245,48,2,2017-11-26,2023-12-09,4.96,4.96,4.95,4.99,4.96,4.9,4.8,1,1,0,0,3.31,barossa_valley_sa
20079805,11110185,2014-01-07,"Glenelg South, Australia",within an hour,100%,100%,t,t,t,Lyndoch,-34.60384,138.89156,Entire villa,Entire home/apt,11,2.5 baths,6.0,[],$499.00,60,5,0,2017-09-03,2023-05-29,4.95,4.97,4.88,5.0,5.0,4.88,4.88,2,2,0,0,0.78,barossa_valley_sa
20144446,11110185,2014-01-07,"Glenelg South, Australia",within an hour,100%,100%,t,t,t,Lyndoch,-34.60504,138.89259,Entire cottage,Entire home/apt,4,1.5 baths,2.0,[],$375.00,65,6,0,2017-10-01,2023-09-18,4.95,4.97,4.92,5.0,5.0,4.86,4.8,2,2,0,0,0.86,barossa_valley_sa
20175507,9380091,2013-10-12,"Tanunda, Australia",within an hour,100%,100%,f,t,t,Tanunda,-34.52644,138.95208,Entire rental unit,Entire home/apt,16,8 baths,8.0,[],"$1,920.00",3,0,0,2018-09-16,2020-06-28,4.67,5.0,4.67,4.67,5.0,4.67,4.0,14,12,2,0,0.05,barossa_valley_sa
21636564,26147078,2015-01-15,"Angaston, Australia",within an hour,100%,100%,t,t,t,Angaston,-34.49929,139.04988,Entire bungalow,Entire home/apt,6,1.5 baths,3.0,[],$389.00,182,28,2,2017-11-23,2023-12-03,4.9,4.92,4.88,4.98,4.93,4.97,4.71,2,1,1,0,2.45,barossa_valley_sa
22294732,106868811,2016-12-11,"Angaston, Australia",within an hour,100%,100%,t,t,t,Angaston,-34.51862,139.10905,Farm stay,Entire home/apt,8,4 baths,4.0,[],$490.00,76,9,0,2018-02-26,2023-11-18,4.95,4.92,4.83,4.97,4.99,4.96,4.86,2,2,0,0,1.07,barossa_valley_sa
22602973,121293939,2017-03-18,"Beaumont, Australia",within a day,100%,100%,f,t,t,Angaston,-34.50606,139.04712,Entire home,Entire home/apt,6,2 baths,3.0,[],$199.00,23,2,0,2019-06-10,2023-01-06,4.61,4.83,4.83,4.91,4.87,4.83,4.57,1,1,0,0,0.42,barossa_valley_sa
22604785,92198370,2016-08-27,"Lyndoch, Australia",within an hour,100%,100%,t,t,t,Lyndoch,-34.60364,138.8866,Entire home,Entire home/apt,6,1 bath,4.0,[],$210.00,153,20,1,2018-02-17,2023-12-04,4.92,4.96,4.97,4.98,4.99,4.95,4.9,2,2,0,0,2.15,barossa_valley_sa
22636387,123514866,2017-03-30,"Pewsey Vale, Australia",within an hour,100%,98%,t,t,t,Mount Crawford,-34.68339,138.97258,Entire home,Entire home/apt,4,2 baths,2.0,[],$450.00,34,4,0,2018-12-25,2023-04-09,4.91,4.91,4.94,4.94,4.94,4.88,4.76,2,2,0,0,0.56,barossa_valley_sa
22855141,111063419,2017-01-12,"Tanunda, Australia",within an hour,100%,100%,t,t,t,Tanunda,-34.49146,138.95672,Entire guest suite,Entire home/apt,4,1 bath,3.0,[],$290.00,107,26,0,2018-03-18,2023-11-21,4.98,4.96,4.93,4.99,4.99,4.99,4.88,1,1,0,0,1.52,barossa_valley_sa
24813904,9380091,2013-10-12,"Tanunda, Australia",within an hour,100%,100%,f,t,t,Tanunda,-34.52454,138.95814,Entire bungalow,Entire home/apt,10,2 baths,10.0,[],$707.00,31,5,2,2018-06-25,2023-12-10,4.61,4.68,4.65,4.55,4.65,4.9,4.32,14,12,2,0,0.46,barossa_valley_sa
25916821,129160994,2017-05-06,"Tasmania, Australia",within a few hours,100%,100%,f,t,t,Angaston,-34.49095,139.04752,Entire cottage,Entire home/apt,6,1.5 baths,4.0,[],$400.00,17,1,0,2018-10-21,2023-07-23,4.71,4.88,4.82,5.0,5.0,4.88,4.59,1,1,0,0,0.27,barossa_valley_sa
25928338,40008394,2015-07-30,"Tanunda, Australia",within an hour,100%,100%,t,t,t,Tanunda,-34.52154,138.96129,Entire home,Entire home/apt,6,2 baths,3.0,[],$443.00,167,29,1,2018-07-09,2023-12-10,4.92,4.95,4.89,4.96,4.98,4.98,4.71,1,1,0,0,2.51,barossa_valley_sa
26403678,198551256,2018-06-28,"Tanunda, Australia",within an hour,100%,100%,f,t,t,Tanunda,-34.52523,138.95253,Entire home,Entire home/apt,6,2 baths,3.0,[],$320.00,160,31,2,2018-07-08,2023-11-27,4.68,4.72,4.85,4.81,4.81,4.9,4.58,1,1,0,0,2.4,barossa_valley_sa
27065195,203661825,2018-07-20,"South Australia, Australia",within an hour,100%,100%,t,t,t,Mount Crawford,-34.75233,138.99175,Entire cottage,Entire home/apt,2,1 bath,1.0,[],$112.00,288,63,1,2018-07-29,2023-11-26,4.93,4.92,4.97,4.97,4.96,4.89,4.91,1,1,0,0,4.37,barossa_valley_sa
27271141,205436375,2018-07-27,"Williamstown, Australia",within an hour,100%,94%,t,t,t,Williamstown,-34.66549,138.88978,Entire cottage,Entire home/apt,4,1 bath,2.0,[],$120.00,71,11,0,2018-09-02,2023-11-05,4.87,4.89,4.96,4.99,4.96,4.9,4.86,1,1,0,0,1.1,barossa_valley_sa
27409406,206287989,2018-07-30,"Pewsey Vale, Australia",within a few hours,100%,100%,f,t,t,Williamstown,-34.62272,138.92041,Farm stay,Entire home/apt,2,1 bath,1.0,[],$305.00,14,0,0,2020-01-05,2022-07-30,5.0,5.0,4.86,5.0,5.0,4.93,4.93,2,2,0,0,0.29,barossa_valley_sa
27409837,206287989,2018-07-30,"Pewsey Vale, Australia",within a few hours,100%,100%,f,t,t,Williamstown,-34.6246,138.9207,Farm stay,Entire home/apt,4,2 baths,3.0,[],$325.00,19,1,0,2019-10-05,2023-01-21,5.0,4.95,4.95,4.95,5.0,4.95,4.89,2,2,0,0,0.37,barossa_valley_sa
28843427,103407726,2016-11-12,"Robe, Australia",within an hour,100%,100%,t,t,t,Tanunda,-34.51418,138.95815,Entire guest suite,Entire home/apt,2,1 bath,1.0,[],$298.00,105,18,3,2019-10-06,2023-12-17,4.96,4.95,4.98,5.0,4.99,4.9,4.83,1,1,0,0,2.04,barossa_valley_sa
29170994,64599221,2016-03-27,"Tanunda, Australia",within a few hours,100%,100%,t,t,t,Angaston,-34.5072,139.0507,Entire guest suite,Entire home/apt,4,1 bath,3.0,[],$140.00,209,30,2,2018-12-22,2023-12-13,4.9,4.96,4.95,4.98,4.98,4.92,4.94,1,1,0,0,3.42,barossa_valley_sa
29250289,86995031,2016-07-31,"South Australia, Australia",within an hour,100%,100%,f,t,t,Angaston,-34.50411,139.04513,Entire cottage,Entire home/apt,4,1 bath,2.0,[],$230.00,35,14,1,2019-10-13,2023-12-04,5.0,4.97,5.0,4.94,4.97,4.97,4.94,2,2,0,0,0.68,barossa_valley_sa
29665883,223133750,2018-10-29,"Tanunda, Australia",within an hour,100%,92%,t,t,t,Tanunda,-34.52376,138.95994,Entire home,Entire home/apt,6,2 baths,3.0,[],$473.00,200,35,2,2018-11-04,2023-12-09,4.94,4.98,4.96,4.98,4.95,4.98,4.88,1,1,0,0,3.19,barossa_valley_sa
31336642,93219392,2016-09-02,"South Australia, Australia",within an hour,100%,98%,f,t,t,Eden Valley,-34.68608,139.09059,Entire guest suite,Entire home/apt,3,1 bath,2.0,[],$185.00,39,4,0,2019-11-02,2023-10-28,4.97,4.95,5.0,5.0,5.0,4.92,4.92,2,2,0,0,0.77,barossa_valley_sa
31364857,234888505,2019-01-07,"Tanunda, Australia",within an hour,100%,100%,t,t,t,Tanunda,-34.5155,138.96574,Entire rental unit,Entire home/apt,2,1 bath,1.0,[],$204.00,227,59,5,2019-02-10,2023-12-23,4.87,4.86,4.98,4.9,4.89,4.88,4.76,1,1,0,0,3.82,barossa_valley_sa
31598469,233968367,2019-01-02,"Ebenezer, Australia",within an hour,100%,100%,t,t,t,Marananga,-34.48355,138.93782,Entire villa,Entire home/apt,2,1 bath,1.0,[],$595.00,42,6,0,2019-05-06,2023-08-05,4.98,4.95,5.0,5.0,5.0,4.95,4.86,1,1,0,0,0.74,barossa_valley_sa
31963378,239660458,2019-01-28,"Angaston, Australia",within an hour,100%,100%,t,t,t,Moculta,-34.48898,139.05637,Entire cottage,Entire home/apt,6,1 bath,3.0,[],$272.00,75,22,0,2019-02-26,2023-11-19,4.92,4.91,4.96,4.99,4.97,4.87,4.72,1,1,0,0,1.27,barossa_valley_sa
33885699,85556067,2016-07-23,"Black Hill, Australia",within an hour,100%,100%,t,t,t,Tanunda,-34.52698,138.95846,Entire rental unit,Entire home/apt,4,1.5 baths,2.0,[],$276.00,274,56,0,2019-05-01,2023-11-18,4.92,4.94,4.96,4.97,4.95,4.96,4.81,1,1,0,0,4.83,barossa_valley_sa
34661591,261496601,2019-05-13,"Light Pass, Australia",within an hour,100%,93%,t,t,t,Light Pass,-34.47415,139.03569,Entire guesthouse,Entire home/apt,2,1 bath,1.0,[],$239.00,87,8,0,2019-05-25,2023-11-25,5.0,5.0,5.0,5.0,4.99,4.94,4.93,1,1,0,0,1.56,barossa_valley_sa
34732524,86995031,2016-07-31,"South Australia, Australia",within an hour,100%,100%,f,t,t,Angaston,-34.50356,139.04651,Entire vacation home,Entire home/apt,5,1 bath,3.0,[],$206.00,52,11,1,2019-06-10,2023-12-15,4.92,4.92,4.96,4.98,4.94,4.96,4.79,2,2,0,0,0.94,barossa_valley_sa
34756758,262121622,2019-05-15,"Tea Tree Gully, Australia",within an hour,100%,100%,f,t,t,Tanunda,-34.5264,138.95356,Entire cottage,Entire home/apt,4,1.5 baths,2.0,[],$350.00,28,4,0,2020-03-22,2023-10-08,4.93,4.93,4.93,4.96,4.93,5.0,4.82,1,1,0,0,0.61,barossa_valley_sa
34914043,106868811,2016-12-11,"Angaston, Australia",within an hour,100%,100%,t,t,t,Angaston,-34.50834,139.10375,Entire villa,Entire home/apt,4,2.5 baths,2.0,[],$890.00,17,0,0,2019-06-18,2022-11-19,5.0,5.0,5.0,4.94,4.94,4.88,4.88,2,2,0,0,0.31,barossa_valley_sa
35021213,263832331,2019-05-24,"Krondorf, Australia",within an hour,100%,100%,t,t,t,Light Pass,-34.47443,139.03687,Entire cottage,Entire home/apt,2,1 bath,1.0,[],$550.00,109,26,0,2019-06-15,2023-11-25,4.99,4.99,5.0,4.96,5.0,4.93,4.84,1,1,0,0,1.97,barossa_valley_sa
35356801,265939095,2019-06-03,"Williamstown, Australia",within a few hours,100%,100%,t,t,t,Williamstown,-34.67211,138.89063,Entire home,Entire home/apt,6,1.5 baths,4.0,[],$280.00,36,5,0,2019-06-30,2023-11-17,4.97,5.0,5.0,5.0,5.0,4.94,4.97,1,1,0,0,0.66,barossa_valley_sa
35617858,257562725,2019-04-23,"Nuriootpa, Australia",within an hour,96%,100%,t,t,t,Angaston,-34.50322,139.04232,Entire home,Entire home/apt,10,3 baths,5.0,[],$850.00,43,4,1,2019-09-22,2023-12-09,4.84,4.98,4.74,4.98,4.93,5.0,4.67,4,3,1,0,0.83,barossa_valley_sa
35660705,85597526,2016-07-24,"Finniss, Australia",within an hour,100%,100%,t,t,t,Mount Crawford,-34.77143,138.97557,Farm stay,Entire home/apt,4,1 bath,2.0,[],$180.00,459,74,1,2019-06-21,2023-12-09,4.92,4.93,4.87,4.96,4.96,4.88,4.85,2,2,0,0,8.35,barossa_valley_sa
36498929,49747343,2015-11-23,"Tanunda, Australia",within an hour,100%,100%,f,t,t,Tanunda,-34.52264,138.96292,Entire home,Entire home/apt,5,1 bath,3.0,[],$218.00,421,84,7,2019-08-31,2023-12-21,4.82,4.86,4.82,4.98,4.97,4.96,4.77,1,1,0,0,8.0,barossa_valley_sa
37021014,99672311,2016-10-14,"Tanunda, Australia",within an hour,100%,100%,t,t,t,Tanunda,-34.52722,138.95516,Entire bungalow,Entire home/apt,5,1.5 baths,4.0,[],$350.00,83,16,0,2019-11-11,2023-11-18,4.93,4.94,4.95,5.0,4.98,5.0,4.81,1,1,0,0,1.65,barossa_valley_sa
37733817,165561239,2018-01-03,"Tanunda, Australia",within an hour,100%,95%,t,t,t,Tanunda,-34.52301,138.95934,Entire home,Entire home/apt,6,2 baths,3.0,[],$316.00,121,33,1,2019-09-30,2023-12-03,4.98,4.98,4.99,5.0,4.99,4.99,4.86,2,2,0,0,2.34,barossa_valley_sa
37926946,287327836,2019-08-20,"Altona, Australia",within an hour,100%,100%,t,t,t,Altona,-34.59226,138.90964,Entire guesthouse,Entire home/apt,2,1 bath,1.0,[],$136.00,124,20,1,2019-10-05,2023-12-02,4.86,4.94,4.99,4.96,4.98,4.74,4.81,1,1,0,0,2.41,barossa_valley_sa
38438917,24432943,2014-12-03,"Angaston, Australia",within an hour,100%,98%,t,t,t,Angaston,-34.50468,139.0454,Entire cottage,Entire home/apt,4,1 bath,2.0,[],$271.00,89,17,2,2019-10-06,2023-12-03,4.94,4.96,4.93,4.98,4.98,4.96,4.74,2,2,0,0,1.73,barossa_valley_sa
38473930,267461364,2019-06-09,"Light Pass, Australia",within a few hours,100%,93%,t,t,t,Nuriootpa,-34.46411,139.01273,Private room in home,Private room,2,1 private bath,1.0,[],$120.00,55,7,0,2019-10-19,2023-11-18,4.98,4.98,5.0,4.98,5.0,4.96,4.98,1,0,1,0,1.08,barossa_valley_sa
38557373,120950528,2017-03-15,"Greenock, Australia",within an hour,100%,100%,f,t,t,Greenock,-34.45786,138.92946,Entire cottage,Entire home/apt,4,1 bath,2.0,[],$220.00,42,10,2,2020-01-02,2023-12-12,5.0,5.0,5.0,4.98,5.0,5.0,4.98,1,1,0,0,0.87,barossa_valley_sa
39265464,165561239,2018-01-03,"Tanunda, Australia",within an hour,100%,95%,t,t,t,Tanunda,-34.52297,138.95956,Entire home,Entire home/apt,6,2 baths,3.0,[],$341.00,26,18,1,2020-08-30,2023-12-03,4.96,4.93,4.96,5.0,4.96,5.0,4.74,2,2,0,0,0.64,barossa_valley_sa
40212692,2425103,2012-05-21,"Tanunda, Australia",within an hour,100%,100%,t,t,t,Bethany,-34.54133,138.96892,Farm stay,Entire home/apt,4,1 bath,2.0,[],$250.00,66,14,1,2020-07-19,2023-11-26,4.95,4.95,4.98,4.95,4.92,4.97,4.82,2,1,0,0,1.58,barossa_valley_sa
40290859,310538520,2019-11-18,"Lyndoch, Australia",within an hour,100%,100%,t,t,t,Lyndoch,-34.59169,138.8784,Entire cottage,Entire home/apt,4,2 baths,2.0,[],$550.00,51,12,3,2020-01-20,2023-12-22,4.98,4.98,5.0,4.98,4.9,4.96,4.76,6,6,0,0,1.06,barossa_valley_sa
40291757,310538520,2019-11-18,"Lyndoch, Australia",within an hour,100%,100%,t,t,t,Lyndoch,-34.59146,138.87785,Entire cottage,Entire home/apt,2,1 bath,1.0,[],$509.00,4,1,0,2020-05-17,2023-07-09,5.0,5.0,5.0,5.0,4.75,5.0,4.75,6,6,0,0,0.09,barossa_valley_sa
40433618,29148788,2015-03-11,"Angaston, Australia",within a few hours,100%,100%,t,t,t,Angaston,-34.53442,139.04067,Entire guest suite,Entire home/apt,2,1 bath,1.0,[],$229.00,195,37,1,2019-12-07,2023-12-03,4.97,4.95,4.98,4.97,4.98,4.93,4.8,1,1,0,0,3.95,barossa_valley_sa
41054970,105534819,2016-11-29,"Springton, Australia",within an hour,100%,100%,f,t,t,Springton,-34.70573,139.08733,Private room in cottage,Private room,1,1 shared bath,1.0,[],$80.00,23,2,0,2020-01-11,2023-11-12,4.78,4.96,5.0,4.96,5.0,4.91,4.87,1,0,1,0,0.48,barossa_valley_sa
41597034,10626104,2013-12-15,"Tanunda, Australia",within an hour,100%,100%,t,t,t,Tanunda,-34.50551,138.99555,Entire cottage,Entire home/apt,4,2 baths,2.0,[],$350.00,126,40,1,2020-02-10,2023-12-01,4.97,4.97,4.99,4.98,5.0,4.96,4.92,2,2,0,0,2.67,barossa_valley_sa
41804891,196783231,2018-06-20,"Krondorf, Australia",within an hour,100%,100%,t,t,t,Tanunda,-34.527801513671875,138.95391845703125,Entire cottage,Entire home/apt,6,3.5 baths,3.0,[],$614.00,155,47,0,2020-02-29,2023-11-25,4.99,4.97,4.99,4.99,5.0,4.98,4.88,1,1,0,0,3.33,barossa_valley_sa
42649403,123337181,2017-03-29,"Greenock, Australia",within an hour,100%,100%,t,t,t,Greenock,-34.45529,138.93175,Entire guesthouse,Entire home/apt,2,1 bath,1.0,[],$165.00,66,20,2,2021-04-05,2023-12-19,4.83,4.94,4.85,4.98,4.97,4.94,4.82,1,1,0,0,1.99,barossa_valley_sa
42653260,175043828,2018-02-24,"Mount Pleasant, Australia",within an hour,100%,94%,f,t,t,Mount Pleasant,-34.77926,139.0434,Entire guesthouse,Entire home/apt,2,1 bath,1.0,[],$100.00,77,6,1,2020-10-31,2023-12-16,4.96,4.95,4.94,4.99,4.95,4.86,4.97,1,1,0,0,2.01,barossa_valley_sa
42667491,257562725,2019-04-23,"Nuriootpa, Australia",within an hour,96%,100%,t,t,t,Angaston,-34.50108,139.0417,Entire cottage,Entire home/apt,2,1 bath,1.0,[],$250.00,315,93,4,2020-03-09,2023-12-18,4.94,4.94,4.88,4.97,4.89,4.93,4.77,4,3,1,0,6.81,barossa_valley_sa
42718676,257562725,2019-04-23,"Nuriootpa, Australia",within an hour,96%,100%,t,t,t,Angaston,-34.50217,139.04118,Entire cottage,Entire home/apt,4,2 baths,2.0,[],$500.00,155,56,4,2020-09-01,2023-12-15,4.94,4.95,4.84,4.99,4.9,4.96,4.75,4,3,1,0,3.84,barossa_valley_sa
43047801,241630453,2019-02-07,"Tanunda, Australia",within an hour,100%,98%,t,t,t,Angaston,-34.49985,139.04135,Entire cottage,Entire home/apt,6,1.5 baths,4.0,[],$260.00,142,34,2,2020-06-15,2023-11-30,4.97,4.96,5.0,4.99,5.0,4.93,4.94,2,2,0,0,3.3,barossa_valley_sa
43329785,52348976,2015-12-26,"Tanunda, Australia",within an hour,100%,100%,t,t,t,Nuriootpa,-34.49419,139.00969,Entire home,Entire home/apt,6,1.5 baths,3.0,[],$440.00,83,21,3,2020-07-13,2023-12-09,5.0,5.0,5.0,5.0,5.0,5.0,4.98,1,1,0,0,1.97,barossa_valley_sa
43366530,257562725,2019-04-23,"Nuriootpa, Australia",within an hour,96%,100%,t,t,t,Tanunda,-34.52633,138.95851,Private room in rental unit,Private room,2,1 private bath,1.0,[],$226.00,208,55,5,2020-05-17,2023-12-16,4.77,4.79,4.88,4.84,4.76,4.9,4.59,4,3,1,0,4.73,barossa_valley_sa
44450394,359107874,2020-07-28,"Nuriootpa, Australia",within an hour,100%,100%,f,t,t,Nuriootpa,-34.49398,138.97228,Private room in home,Private room,6,1.5 baths,3.0,[],$400.00,24,1,0,2020-10-17,2023-11-01,4.79,4.88,4.88,5.0,4.96,4.96,4.75,1,0,1,0,0.62,barossa_valley_sa
45092536,26657441,2015-01-25,"South Australia, Australia",within an hour,100%,98%,t,t,t,Williamstown,-34.65566,138.88852,Farm stay,Entire home/apt,2,1 bath,1.0,[],$176.00,101,65,3,2021-12-31,2023-12-12,4.9,4.96,4.95,4.99,4.99,4.85,4.81,1,1,0,0,4.17,barossa_valley_sa
45319838,179855375,2018-03-21,"Adelaide, Australia",within an hour,100%,97%,t,t,t,Buchfelde,-34.614,138.69962,Barn,Entire home/apt,2,1 bath,1.0,[],$152.00,50,47,4,2022-10-21,2023-12-23,4.96,4.9,4.98,4.98,5.0,4.92,4.96,1,1,0,0,3.47,barossa_valley_sa
45693523,92198370,2016-08-27,"Lyndoch, Australia",within an hour,100%,100%,t,t,t,Lyndoch,-34.60219,138.88697,Entire home,Entire home/apt,6,1 bath,3.0,[],$284.00,67,14,0,2020-10-17,2023-11-04,4.99,5.0,4.97,5.0,5.0,4.88,4.94,2,2,0,0,1.72,barossa_valley_sa
45772254,362336116,2020-08-14,"Tanunda, Australia",within an hour,100%,99%,t,t,t,Tanunda,-34.5381,138.9373,Entire cottage,Entire home/apt,2,1.5 baths,1.0,[],$280.00,200,67,4,2020-12-21,2023-12-18,4.99,4.97,5.0,4.99,4.99,4.97,4.94,1,1,0,0,5.45,barossa_valley_sa
47449065,48998930,2015-11-14,"Lyndoch, Australia",within an hour,100%,100%,t,t,t,Lyndoch,-34.60082,138.88778,Entire villa,Entire home/apt,14,3.5 baths,11.0,[],"$1,024.00",31,13,0,2021-10-04,2023-11-18,5.0,5.0,5.0,5.0,5.0,5.0,4.84,1,1,0,0,1.14,barossa_valley_sa
48061876,2660469,2012-06-17,"Adelaide, Australia",within an hour,100%,100%,t,t,t,Springton,-34.70765,139.09017,Barn,Entire home/apt,3,1 bath,2.0,[],$187.00,65,18,0,2021-05-16,2023-11-14,4.91,4.86,4.88,4.89,5.0,4.8,4.76,2,2,0,0,2.04,barossa_valley_sa
48367802,109279546,2016-12-31,"Broadbeach Waters, Australia",within an hour,100%,99%,t,t,t,Eden Valley,-34.64447,139.09806,Entire cottage,Entire home/apt,4,1 bath,1.0,[],$312.00,121,33,4,2021-03-07,2023-12-16,4.67,4.73,4.59,4.84,4.84,4.67,4.52,1,1,0,0,3.54,barossa_valley_sa
48457019,132901790,2017-06-01,"Medindie Gardens, Australia",within an hour,100%,100%,t,t,t,Tanunda,-34.52479,138.95428,Entire cottage,Entire home/apt,4,1 bath,2.0,[],$403.00,45,6,0,2021-05-28,2023-10-27,4.84,4.89,4.91,4.93,4.87,4.96,4.73,3,3,0,0,1.43,barossa_valley_sa
48457377,132901790,2017-06-01,"Medindie Gardens, Australia",within an hour,100%,100%,t,t,t,Tanunda,-34.5234,138.95459,Entire cottage,Entire home/apt,2,1 bath,1.0,[],$299.00,30,8,0,2021-06-14,2023-09-25,4.8,4.77,4.8,4.83,4.87,4.93,4.7,3,3,0,0,0.97,barossa_valley_sa
48457650,132901790,2017-06-01,"Medindie Gardens, Australia",within an hour,100%,100%,t,t,t,Tanunda,-34.52255,138.95391,Entire cottage,Entire home/apt,2,1 bath,1.0,[],$288.00,41,14,2,2021-05-21,2023-12-17,4.83,4.9,4.76,4.93,4.9,5.0,4.69,3,3,0,0,1.29,barossa_valley_sa
48999138,3524070,2012-09-10,"Victoria, Australia",within a day,100%,93%,t,t,t,Kapunda,-34.34298,138.90949,Entire place,Entire home/apt,14,2.5 baths,9.0,[],"$2,000.00",31,5,0,2021-05-09,2023-04-23,4.9,4.94,4.9,5.0,4.94,4.87,4.77,1,1,0,0,0.97,barossa_valley_sa
49064366,133655329,2017-06-06,Australia,within an hour,100%,100%,f,t,t,Nuriootpa,-34.45968,139.00304,Entire home,Entire home/apt,10,1 bath,7.0,[],$400.00,15,0,0,2021-04-16,2022-12-04,4.8,4.8,4.67,5.0,4.87,4.73,4.8,1,1,0,0,0.46,barossa_valley_sa
49448518,2660469,2012-06-17,"Adelaide, Australia",within an hour,100%,100%,t,t,t,Springton,-34.70751,139.09022,Entire cottage,Entire home/apt,6,1 bath,3.0,[],$196.00,56,19,1,2021-05-16,2023-11-30,4.93,4.95,4.84,4.93,4.98,4.7,4.82,2,2,0,0,1.76,barossa_valley_sa
49913465,9683914,2013-10-28,Singapore,within an hour,100%,100%,f,t,t,Bethany,-34.57048,138.98641,Farm stay,Entire home/apt,12,3.5 baths,7.0,[],$869.00,48,11,1,2021-08-08,2023-12-03,4.86,4.82,4.63,4.96,4.9,4.98,4.55,1,1,0,0,1.65,barossa_valley_sa
49931720,8926804,2013-09-19,"Cockatoo Valley, Australia",within an hour,100%,100%,t,t,t,Cockatoo Valley,-34.620418548583984,138.83273315429688,Entire vacation home,Entire home/apt,16,4 baths,9.0,[],$695.00,39,20,1,2021-08-29,2023-12-07,4.95,4.95,4.9,5.0,4.92,4.87,4.77,1,1,0,0,1.38,barossa_valley_sa
50141467,150886171,2017-09-16,"Nuriootpa, Australia",within an hour,100%,97%,t,t,t,Nuriootpa,-34.48072608130816,138.99453102646768,Entire cottage,Entire home/apt,6,2 baths,3.0,[],$350.00,33,25,1,2022-10-03,2023-12-02,4.94,4.97,4.97,4.94,4.88,4.85,4.79,1,1,0,0,2.2,barossa_valley_sa
50163896,86727693,2016-07-29,"Kapunda, Australia",within a few hours,100%,96%,t,t,t,Kapunda,-34.34012,138.9183,Private room in bed and breakfast,Private room,2,1 private bath,1.0,[],$200.00,8,8,1,2023-02-19,2023-12-03,5.0,5.0,5.0,5.0,5.0,4.63,5.0,3,0,3,0,0.77,barossa_valley_sa
50581037,103898307,2016-11-15,"Muscat, Oman",within an hour,100%,99%,t,t,t,Marananga,-34.49833,138.94325,Entire home,Entire home/apt,8,2 baths,5.0,[],$632.00,110,46,3,2021-09-26,2023-12-10,4.96,4.96,4.95,4.99,5.0,4.98,4.87,1,1,0,0,4.01,barossa_valley_sa
51851038,397924132,2021-04-20,"Hayborough, Australia",within an hour,100%,92%,f,t,t,Tanunda,-34.51262,138.96654,Entire home,Entire home/apt,6,3 baths,3.0,[],$432.00,14,2,0,2021-10-20,2023-10-23,4.79,4.93,4.64,4.86,4.64,5.0,4.79,2,2,0,0,0.53,barossa_valley_sa
52293256,78037905,2016-06-16,"Gawler, Australia",within an hour,100%,100%,t,t,t,Kapunda,-34.338913,138.910217,Entire home,Entire home/apt,5,1 bath,3.0,[],$169.00,74,39,4,2021-10-16,2023-12-12,4.91,4.88,4.82,4.96,4.99,4.85,4.78,1,1,0,0,2.77,barossa_valley_sa
53055342,326577506,2020-01-12,"Springton, Australia",within an hour,100%,100%,t,t,t,Springton,-34.70591,139.08727,Entire place,Entire home/apt,2,1 bath,1.0,[],$204.00,92,29,1,2021-11-14,2023-11-26,4.98,4.96,4.92,4.98,4.99,4.88,4.92,2,2,0,0,3.57,barossa_valley_sa
53068838,164905660,2017-12-30,"Barossa Goldfields, Australia",within an hour,100%,100%,t,t,t,Moculta,-34.45917,139.11025,Farm stay,Entire home/apt,8,2 baths,4.0,[],$960.00,62,28,2,2021-12-17,2023-12-03,5.0,5.0,4.98,5.0,5.0,4.95,4.84,1,1,0,0,2.51,barossa_valley_sa
53111469,78710746,2016-06-19,"Tanunda, Australia",within an hour,100%,100%,t,t,t,Tanunda,-34.51845,138.96126,Entire villa,Entire home/apt,6,2 baths,3.0,[],$580.00,89,31,1,2021-12-28,2023-12-08,4.93,4.96,4.94,5.0,4.97,4.93,4.75,2,2,0,0,3.66,barossa_valley_sa
53157588,175822582,2018-02-28,"Nuriootpa, Australia",within an hour,100%,100%,t,t,t,Light Pass,-34.46473,139.02256,Entire home,Entire home/apt,10,2 baths,6.0,[],$855.00,34,20,0,2022-04-17,2023-11-06,5.0,4.89,5.0,4.89,5.0,4.97,4.8,3,3,0,0,1.65,barossa_valley_sa
53486238,218035532,2018-09-30,"Tanunda, Australia",within a few hours,100%,100%,f,t,t,Marananga,-34.49041,138.92091,Entire cottage,Entire home/apt,4,1 bath,2.0,[],$468.00,1,1,0,2023-06-29,2023-06-29,5.0,5.0,5.0,5.0,5.0,5.0,5.0,1,1,0,0,0.17,barossa_valley_sa
53498238,326577506,2020-01-12,"Springton, Australia",within an hour,100%,100%,t,t,t,Springton,-34.70556,139.08841,Entire guesthouse,Entire home/apt,2,1 bath,1.0,[],$204.00,86,31,1,2021-12-01,2023-12-02,4.85,4.84,4.92,4.97,4.98,4.73,4.76,2,2,0,0,3.41,barossa_valley_sa
54151696,439026671,2022-01-05,"Adelaide, Australia",within an hour,100%,100%,t,t,t,Mount Crawford,-34.72912,138.96318,Farm stay,Entire home/apt,4,1 bath,3.0,[],$177.00,49,23,1,2022-05-08,2023-12-07,4.73,4.88,4.88,4.96,4.78,4.86,4.78,1,1,0,0,2.46,barossa_valley_sa
563854793233301758,10421165,2013-12-04,"Lyndoch, Australia",within an hour,100%,100%,f,t,t,Lyndoch,-34.60445,138.88233,Entire vacation home,Entire home/apt,6,1 bath,3.0,[],$199.00,15,4,0,2022-05-22,2023-08-05,4.67,4.73,4.87,4.93,4.93,4.73,4.53,2,2,0,0,0.77,barossa_valley_sa
598893796161066227,91611833,2016-08-24,"Tanunda, Australia",within an hour,100%,100%,t,t,t,Tanunda,-34.525082,138.955566,Entire home,Entire home/apt,6,1 bath,4.0,[],$579.00,80,43,4,2022-04-20,2023-12-18,5.0,4.99,5.0,5.0,5.0,4.99,4.84,1,1,0,0,3.9,barossa_valley_sa
610466336457949581,428181353,2021-10-19,"Sunshine Coast, Australia",within an hour,100%,98%,f,t,t,Penrice,-34.487904,139.033661,Entire home,Entire home/apt,6,1.5 baths,3.0,[],$190.00,48,25,0,2022-05-25,2023-11-12,4.8,4.84,4.57,4.92,4.88,4.9,4.69,1,1,0,0,2.48,barossa_valley_sa
611659077132662185,24432943,2014-12-03,"Angaston, Australia",within an hour,100%,98%,t,t,t,Angaston,-34.50316,139.04548,Entire bungalow,Entire home/apt,9,2 baths,5.0,[],$225.00,18,18,1,2023-02-11,2023-11-26,4.89,4.94,5.0,5.0,4.89,5.0,4.67,2,2,0,0,1.69,barossa_valley_sa
623438660532088604,27555575,2015-02-10,"Adelaide, Australia",within an hour,100%,100%,t,t,t,Tanunda,-34.52648,138.95387,Entire cottage,Entire home/apt,4,2 baths,2.0,[],$313.00,82,49,1,2022-07-10,2023-11-30,4.94,4.98,4.99,4.99,4.98,5.0,4.85,1,1,0,0,4.6,barossa_valley_sa
625072901481223153,63139941,2016-03-15,"Angaston, Australia",within an hour,100%,100%,t,t,t,Angaston,-34.49903,139.04269,Entire cottage,Entire home/apt,4,1.5 baths,2.0,[],$226.00,52,29,0,2022-06-11,2023-11-13,4.73,4.88,4.88,4.92,4.92,4.92,4.65,1,1,0,0,2.77,barossa_valley_sa
634520727307763774,460856186,2022-05-25,"Rowland Flat, Australia",within an hour,100%,100%,t,t,t,Altona,-34.59003,138.93501,Entire home,Entire home/apt,13,4 baths,9.0,[],$512.00,10,7,0,2022-09-04,2023-10-24,4.9,4.8,4.7,5.0,4.8,5.0,4.8,4,4,0,0,0.63,barossa_valley_sa
637886639776162642,461601857,2022-05-29,"Tanunda, Australia",within an hour,78%,97%,f,t,t,Tanunda,-34.51356,138.97308,Entire rental unit,Entire home/apt,4,1 bath,1.0,[],$263.00,14,3,0,2022-07-18,2023-04-24,4.14,4.14,4.36,4.64,4.21,4.79,3.93,7,7,0,0,0.8,barossa_valley_sa
637906590837702599,461601857,2022-05-29,"Tanunda, Australia",within an hour,78%,97%,f,t,t,Tanunda,-34.51365,138.97128,Entire rental unit,Entire home/apt,3,1 bath,2.0,[],$306.00,5,3,0,2022-11-16,2023-10-28,4.2,4.0,4.4,4.2,4.4,4.8,4.2,7,7,0,0,0.37,barossa_valley_sa
637911090164505078,461601857,2022-05-29,"Tanunda, Australia",within an hour,78%,97%,f,t,t,Tanunda,-34.51401,138.97144,Entire rental unit,Entire home/apt,4,1 bath,2.0,[],$358.00,2,1,0,2022-11-18,2023-04-07,4.5,4.5,4.5,5.0,5.0,4.5,3.5,7,7,0,0,0.15,barossa_valley_sa
637920461053069878,461601857,2022-05-29,"Tanunda, Australia",within an hour,78%,97%,f,t,t,Tanunda,-34.51574,138.97087,Entire rental unit,Entire home/apt,2,1 bath,1.0,[],$329.00,6,3,0,2022-08-02,2023-04-01,4.0,4.17,4.33,4.67,4.5,4.33,4.0,7,7,0,0,0.35,barossa_valley_sa
637928149292994175,461601857,2022-05-29,"Tanunda, Australia",within an hour,78%,97%,f,t,t,Tanunda,-34.51493,138.97129,Entire rental unit,Entire home/apt,3,1 bath,2.0,[],$310.00,1,0,0,2022-12-07,2022-12-07,5.0,5.0,5.0,5.0,5.0,5.0,5.0,7,7,0,0,0.08,barossa_valley_sa
637931106243766297,461601857,2022-05-29,"Tanunda, Australia",within an hour,78%,97%,f,t,t,Tanunda,-34.51392,138.9728,Entire rental unit,Entire home/apt,4,1 bath,3.0,[],$457.00,4,0,0,2022-06-25,2022-12-03,3.25,3.5,3.5,4.25,3.5,4.5,3.0,7,7,0,0,0.22,barossa_valley_sa
642268024740404371,461929112,2022-05-31,"Sydney, Australia",within an hour,100%,100%,t,t,t,Angaston,-34.50089,139.05253,Entire cottage,Entire home/apt,2,1.5 baths,1.0,[],$269.00,53,34,4,2022-06-28,2023-12-16,4.98,5.0,5.0,5.0,4.98,5.0,4.89,1,1,0,0,2.91,barossa_valley_sa
679330074770382060,124017088,2017-04-03,"Gawler, Australia",within an hour,100%,77%,f,t,t,Buchfelde,-34.600042942479774,138.73399168252945,Private room in casa particular,Private room,2,1.5 shared baths,1.0,[],$92.00,12,7,0,2022-07-31,2023-06-18,4.33,4.25,4.58,4.58,4.58,4.58,4.42,1,0,1,0,0.7,barossa_valley_sa
715671869674731648,93219392,2016-09-02,"South Australia, Australia",within an hour,100%,98%,f,t,t,Eden Valley,-34.68654,139.09146,Entire guesthouse,Entire home/apt,3,1 bath,2.0,[],$185.00,17,17,0,2023-01-22,2023-11-11,5.0,4.94,5.0,5.0,5.0,4.94,4.88,2,2,0,0,1.5,barossa_valley_sa
718469772693217183,184466221,2018-04-15,"Mount Pleasant, Australia",within an hour,100%,96%,f,t,t,Mount Pleasant,-34.7791637642793,139.04115591198206,Farm stay,Entire home/apt,2,1 bath,1.0,[],$189.00,16,14,0,2022-10-21,2023-10-29,5.0,5.0,5.0,5.0,5.0,4.81,4.94,1,1,0,0,1.11,barossa_valley_sa
741764023269405028,82430837,2016-07-08,"Los Angeles, CA",within an hour,100%,100%,f,t,t,Nuriootpa,-34.4915714,138.9647129,Entire villa,Entire home/apt,10,3 baths,5.0,[],"$1,650.00",7,6,0,2022-12-03,2023-06-04,5.0,4.86,5.0,4.86,5.0,5.0,4.86,1,1,0,0,0.54,barossa_valley_sa
763963393371961799,49528952,2015-11-21,"Tanunda, Australia",within an hour,100%,100%,t,t,t,Tanunda,-34.521603,138.9535283,Entire cottage,Entire home/apt,4,1 bath,2.0,[],$328.00,59,57,3,2022-12-03,2023-12-19,5.0,5.0,5.0,5.0,5.0,5.0,4.97,1,1,0,0,4.55,barossa_valley_sa
769284218607966142,23021110,2014-10-27,"Nuriootpa, Australia",within an hour,100%,67%,f,t,t,Nuriootpa,-34.48161,138.996,Private room in home,Private room,2,1 private bath,1.0,[],$70.00,2,1,1,2022-12-04,2023-12-19,5.0,5.0,5.0,5.0,5.0,5.0,5.0,1,0,1,0,0.15,barossa_valley_sa
783490048796437005,107089614,2016-12-12,"Adelaide, Australia",within an hour,100%,100%,t,t,t,Tanunda,-34.514579,138.977819,Entire bungalow,Entire home/apt,6,1 bath,2.0,[],$307.00,36,36,4,2023-02-13,2023-12-22,4.89,4.92,4.92,4.97,5.0,4.92,4.78,1,1,0,0,3.41,barossa_valley_sa
798143975652518850,85597526,2016-07-24,"Finniss, Australia",within an hour,100%,100%,t,t,t,Mount Crawford,-34.771432,138.977761,Tiny home,Entire home/apt,2,1 bath,1.0,[],$250.00,62,62,5,2023-01-27,2023-12-22,5.0,5.0,4.98,5.0,5.0,4.97,4.97,2,2,0,0,5.57,barossa_valley_sa
812465538310166564,86727693,2016-07-29,"Kapunda, Australia",within a few hours,100%,96%,t,t,t,Kapunda,-34.33822,138.91862,Private room in bed and breakfast,Private room,3,1 private bath,2.0,[],$250.00,6,6,0,2023-02-28,2023-10-15,5.0,5.0,5.0,5.0,5.0,5.0,4.83,3,0,3,0,0.6,barossa_valley_sa
821437484393218459,86727693,2016-07-29,"Kapunda, Australia",within a few hours,100%,96%,t,t,t,Kapunda,-34.3381,138.92034,Private room in bed and breakfast,Private room,5,2 baths,3.0,[],$450.00,1,1,1,2023-12-17,2023-12-17,5.0,5.0,5.0,5.0,5.0,5.0,5.0,3,0,3,0,1.0,barossa_valley_sa
821920419282972252,78710746,2016-06-19,"Tanunda, Australia",within an hour,100%,100%,t,t,t,Tanunda,-34.53751,138.95358,Entire home,Entire home/apt,4,1 bath,2.0,[],$375.00,37,37,2,2023-03-24,2023-12-18,4.86,4.95,4.95,5.0,5.0,4.84,4.86,2,2,0,0,3.99,barossa_valley_sa
822878704187927793,128798728,2017-05-04,"Tanunda, Australia",within an hour,100%,93%,f,t,t,Angaston,-34.495766,139.0435064,Private room in guesthouse,Private room,2,1 bath,1.0,[],$182.00,13,13,4,2023-08-20,2023-12-09,4.77,4.77,4.77,4.92,4.92,4.92,4.69,1,0,1,0,3.02,barossa_valley_sa
822930476514810622,47672122,2015-10-29,"South Australia, Australia",within an hour,100%,100%,t,t,t,Tanunda,-34.52381,138.95723,Entire guest suite,Entire home/apt,4,1 bath,2.0,[],$204.00,34,34,5,2023-03-12,2023-12-18,5.0,5.0,5.0,5.0,5.0,4.97,4.88,1,1,0,0,3.52,barossa_valley_sa
825038296557859465,175822582,2018-02-28,"Nuriootpa, Australia",within an hour,100%,100%,t,t,t,Tanunda,-34.5267025,138.9571473,Entire home,Entire home/apt,5,1 bath,3.0,[],$472.00,33,33,3,2023-03-13,2023-12-16,4.97,4.97,5.0,4.97,4.97,4.94,4.79,3,3,0,0,3.43,barossa_valley_sa
825047876832990063,175822582,2018-02-28,"Nuriootpa, Australia",within an hour,100%,100%,t,t,t,Tanunda,-34.5267025,138.9571473,Entire rental unit,Entire home/apt,6,1 bath,3.0,[],$472.00,22,22,1,2023-03-26,2023-12-02,5.0,5.0,5.0,4.95,5.0,5.0,4.91,3,3,0,0,2.39,barossa_valley_sa
845922754899608416,335068302,2020-02-10,"Adelaide, Australia",within an hour,100%,100%,f,t,t,Kapunda,-34.301957,138.8542431,Entire cottage,Entire home/apt,6,1 bath,3.0,[],$455.00,3,3,0,2023-05-28,2023-10-02,4.67,5.0,5.0,4.33,5.0,5.0,5.0,1,1,0,0,0.42,barossa_valley_sa
859856068881777318,241630453,2019-02-07,"Tanunda, Australia",within an hour,100%,98%,t,t,t,Tanunda,-34.51673,138.96701,Entire home,Entire home/apt,7,2 baths,5.0,[],$320.00,5,5,0,2023-09-10,2023-11-05,4.8,4.8,4.8,5.0,5.0,5.0,5.0,2,2,0,0,1.39,barossa_valley_sa
875051989257118197,185394663,2018-04-20,"Barossa Goldfields, Australia",within an hour,100%,100%,f,t,t,Tanunda,-34.516116,138.9668595,Entire home,Entire home/apt,6,2 baths,4.0,[],$357.00,4,4,1,2023-10-22,2023-12-03,5.0,5.0,5.0,5.0,5.0,5.0,5.0,1,1,0,0,1.82,barossa_valley_sa
884565926441716482,57979524,2016-02-09,"Adelaide, Australia",within a few hours,100%,86%,f,t,t,Eden Valley,-34.638353774065166,139.09871242940426,Entire home,Entire home/apt,3,1 bath,2.0,[],$174.00,9,9,0,2023-05-22,2023-11-06,4.56,4.56,4.67,5.0,4.78,5.0,4.67,1,1,0,0,1.23,barossa_valley_sa
886723096462681317,507533752,2023-03-28,"Nuriootpa, Australia",within an hour,100%,100%,t,t,t,Nuriootpa,-34.48203,138.99297,Entire guest suite,Entire home/apt,2,1 bath,1.0,[],$254.00,41,41,3,2023-05-28,2023-12-20,5.0,4.95,5.0,5.0,5.0,4.93,4.95,1,1,0,0,5.77,barossa_valley_sa
910502962189532573,19654974,2014-08-07,"Tanunda, Australia",within a few hours,100%,100%,f,t,t,Tanunda,-34.51049,138.96668,Entire home,Entire home/apt,6,2 baths,3.0,[],$398.00,16,16,2,2023-09-02,2023-12-11,4.94,4.94,4.94,4.94,4.94,4.83,4.78,1,1,0,0,4.14,barossa_valley_sa
910682658818665405,496094184,2023-01-14,"Angaston, Australia",within an hour,100%,100%,t,t,t,Angaston,-34.500722,139.049761,Entire guest suite,Entire home/apt,4,1 bath,2.0,[],$263.00,48,48,10,2023-08-27,2023-12-23,4.88,4.85,4.92,5.0,4.98,4.94,4.85,1,1,0,0,11.8,barossa_valley_sa
912619147152856719,93828490,2016-09-06,"Semaphore Park, Australia",within an hour,100%,100%,f,t,t,Penrice,-34.48764551097864,139.04503959358584,Entire home,Entire home/apt,4,1.5 baths,2.0,[],$359.00,11,11,3,2023-10-01,2023-12-17,5.0,5.0,5.0,5.0,5.0,5.0,5.0,1,1,0,0,3.79,barossa_valley_sa
913230078821818136,397924132,2021-04-20,"Hayborough, Australia",within an hour,100%,92%,f,t,t,Lyndoch,-34.58306,138.87635,Entire home,Entire home/apt,11,2.5 baths,7.0,[],"$1,130.00",4,4,2,2023-11-08,2023-12-12,4.5,4.75,5.0,4.75,5.0,4.75,4.75,2,2,0,0,2.45,barossa_valley_sa
948744380374384436,310538520,2019-11-18,"Lyndoch, Australia",within an hour,100%,100%,t,t,t,Bethany,-34.561648549593706,138.9413938686325,Entire cottage,Entire home/apt,6,2 baths,3.0,[],$620.00,2,2,1,2023-10-22,2023-12-09,5.0,5.0,5.0,5.0,5.0,5.0,4.5,6,6,0,0,0.91,barossa_valley_sa
957085024735396327,242373446,2019-02-10,"New South Wales, Australia",within an hour,100%,100%,f,t,t,Nuriootpa,-34.46858673835492,138.97140292090313,Entire home,Entire home/apt,8,1 bath,4.0,[],$367.00,6,6,1,2023-08-19,2023-12-11,5.0,5.0,5.0,5.0,5.0,5.0,5.0,1,1,0,0,1.38,barossa_valley_sa
972941681209040047,460856186,2022-05-25,"Rowland Flat, Australia",within an hour,100%,100%,t,t,t,Altona,-34.584710908401945,138.93139143997203,Entire chalet,Entire home/apt,3,1 bath,2.0,[],$123.00,9,9,5,2023-10-05,2023-12-14,4.56,4.56,4.33,4.44,4.89,4.78,4.33,4,4,0,0,3.25,barossa_valley_sa
999912323894291900,153563625,2017-10-06,"Bundarra, Australia",within an hour,99%,99%,t,t,t,Tanunda,-34.5295957182562,138.950766073916,Entire cabin,Entire home/apt,3,1 bath,2.0,[],$317.00,3,3,0,2023-10-29,2023-11-06,5.0,4.67,4.67,5.0,5.0,5.0,4.33,2,2,0,0,1.53,barossa_valley_sa
1010623846026567076,106191354,2016-12-04,"Tanunda, Australia",within an hour,100%,100%,f,t,t,Tanunda,-34.5238337,138.9543159,Entire home,Entire home/apt,6,1 bath,4.0,[],$238.00,2,2,0,2023-11-11,2023-11-18,5.0,5.0,5.0,5.0,5.0,5.0,4.5,1,1,0,0,1.3,barossa_valley_sa
1016101024799491344,153563625,2017-10-06,"Bundarra, Australia",within an hour,99%,99%,t,t,t,Tanunda,-34.52995337714412,138.95094004343636,Entire cabin,Entire home/apt,6,1 bath,3.0,[],$347.00,2,2,2,2023-12-15,2023-12-16,5.0,4.5,4.0,5.0,5.0,5.0,3.5,2,2,0,0,2.0,barossa_valley_sa
